{
  "config": {
    "vocab_size": 4096,
    "hidden_dim": 256,
    "num_layers": 8,
    "num_heads": 8,
    "ffn_dim": 1024,
    "max_seq_len": 512,
    "tie_weights": true
  },
  "macs": {
    "quant_proj_macs": 8388608,
    "fp_attn_macs": 2097152,
    "lm_head_macs": 1048576,
    "total_macs": 11534336,
    "proj_per_layer": 1048576,
    "fp_attn_per_layer": 262144,
    "n_layers": 8,
    "proj_weight_params": 8388608,
    "embed_params": 1048576,
    "scale_params": 56,
    "n_quant_modules": 56,
    "hidden_dim": 256,
    "ffn_dim": 1024,
    "seq_len": 512,
    "vocab_size": 4096
  },
  "proj_mac_breakdown": {
    "q_proj": 524288,
    "k_proj": 524288,
    "v_proj": 524288,
    "o_proj": 524288,
    "gate_proj": 2097152,
    "up_proj": 2097152,
    "down_proj": 2097152
  },
  "pj_per_bit": 20.0,
  "packed_bitnet": false,
  "rows": [
    {
      "baseline": "full_precision",
      "op": "FP32 MULT+ADD",
      "pj_per_proj_mac": 4.6000000000000005,
      "compute_proj_nJ": 38587.59680000001,
      "compute_fp_attn_nJ": 9646.899200000002,
      "compute_lm_nJ": 4823.449600000001,
      "compute_total_nJ": 53057.94560000001,
      "bits_per_weight": 32.0,
      "proj_weight_Mbit": 268.435456,
      "scale_Mbit": 0.0,
      "embed_Mbit": 33.554432,
      "total_Mbit": 301.989888,
      "memory_proj_nJ": 5368709.12,
      "memory_scale_nJ": 0.0,
      "memory_embed_nJ": 671088.64,
      "memory_total_nJ": 6039797.76,
      "pj_per_bit": 20.0,
      "total_nJ": 6092855.7056
    },
    {
      "baseline": "bitnet",
      "op": "MUX/NEG + ADD (no MULT)",
      "pj_per_proj_mac": 0.13,
      "compute_proj_nJ": 1090.5190400000001,
      "compute_fp_attn_nJ": 9646.899200000002,
      "compute_lm_nJ": 4823.449600000001,
      "compute_total_nJ": 15560.867840000004,
      "bits_per_weight": 1.58,
      "proj_weight_Mbit": 13.254000640000001,
      "scale_Mbit": 0.001792,
      "embed_Mbit": 33.554432,
      "total_Mbit": 46.81022464,
      "memory_proj_nJ": 265080.0128,
      "memory_scale_nJ": 35.84,
      "memory_embed_nJ": 671088.64,
      "memory_total_nJ": 936204.4928,
      "pj_per_bit": 20.0,
      "total_nJ": 951765.36064
    },
    {
      "baseline": "uniform_2bit",
      "op": "INT MUL + ADD (non-PoT 2-bit)",
      "pj_per_proj_mac": 0.23,
      "compute_proj_nJ": 1929.37984,
      "compute_fp_attn_nJ": 9646.899200000002,
      "compute_lm_nJ": 4823.449600000001,
      "compute_total_nJ": 16399.72864,
      "bits_per_weight": 2.0,
      "proj_weight_Mbit": 16.777216,
      "scale_Mbit": 0.001792,
      "embed_Mbit": 33.554432,
      "total_Mbit": 50.33344,
      "memory_proj_nJ": 335544.32,
      "memory_scale_nJ": 35.84,
      "memory_embed_nJ": 671088.64,
      "memory_total_nJ": 1006668.8,
      "pj_per_bit": 20.0,
      "total_nJ": 1023068.52864
    },
    {
      "baseline": "fixed_c_025",
      "op": "SHIFT-2 + MUX + ADD",
      "pj_per_proj_mac": 0.33000000000000007,
      "compute_proj_nJ": 2768.2406400000004,
      "compute_fp_attn_nJ": 9646.899200000002,
      "compute_lm_nJ": 4823.449600000001,
      "compute_total_nJ": 17238.58944,
      "bits_per_weight": 2.0,
      "proj_weight_Mbit": 16.777216,
      "scale_Mbit": 0.001792,
      "embed_Mbit": 33.554432,
      "total_Mbit": 50.33344,
      "memory_proj_nJ": 335544.32,
      "memory_scale_nJ": 35.84,
      "memory_embed_nJ": 671088.64,
      "memory_total_nJ": 1006668.8,
      "pj_per_bit": 20.0,
      "total_nJ": 1023907.38944
    },
    {
      "baseline": "fixed_c_05",
      "op": "SHIFT-1 + MUX + ADD",
      "pj_per_proj_mac": 0.23,
      "compute_proj_nJ": 1929.37984,
      "compute_fp_attn_nJ": 9646.899200000002,
      "compute_lm_nJ": 4823.449600000001,
      "compute_total_nJ": 16399.72864,
      "bits_per_weight": 2.0,
      "proj_weight_Mbit": 16.777216,
      "scale_Mbit": 0.001792,
      "embed_Mbit": 33.554432,
      "total_Mbit": 50.33344,
      "memory_proj_nJ": 335544.32,
      "memory_scale_nJ": 35.84,
      "memory_embed_nJ": 671088.64,
      "memory_total_nJ": 1006668.8,
      "pj_per_bit": 20.0,
      "total_nJ": 1023068.52864
    },
    {
      "baseline": "learned_c",
      "op": "SHIFT mix (post-snap 0.25/0.5)",
      "pj_per_proj_mac": 0.26984375000000005,
      "compute_proj_nJ": 2263.6134400000005,
      "compute_fp_attn_nJ": 9646.899200000002,
      "compute_lm_nJ": 4823.449600000001,
      "compute_total_nJ": 16733.96224,
      "bits_per_weight": 2.0,
      "proj_weight_Mbit": 16.777216,
      "scale_Mbit": 0.001792,
      "embed_Mbit": 33.554432,
      "total_Mbit": 50.33344,
      "memory_proj_nJ": 335544.32,
      "memory_scale_nJ": 35.84,
      "memory_embed_nJ": 671088.64,
      "memory_total_nJ": 1006668.8,
      "pj_per_bit": 20.0,
      "total_nJ": 1023402.7622400001
    },
    {
      "baseline": "heterogeneous",
      "op": "SHIFT mix (blueprint)",
      "pj_per_proj_mac": 0.29250000000000004,
      "compute_proj_nJ": 2453.6678400000005,
      "compute_fp_attn_nJ": 9646.899200000002,
      "compute_lm_nJ": 4823.449600000001,
      "compute_total_nJ": 16924.01664,
      "bits_per_weight": 2.0,
      "proj_weight_Mbit": 16.777216,
      "scale_Mbit": 0.001792,
      "embed_Mbit": 33.554432,
      "total_Mbit": 50.33344,
      "memory_proj_nJ": 335544.32,
      "memory_scale_nJ": 35.84,
      "memory_embed_nJ": 671088.64,
      "memory_total_nJ": 1006668.8,
      "pj_per_bit": 20.0,
      "total_nJ": 1023592.8166400001
    }
  ]
}